id,tagvalue,length_km,maxspeed,travel_time,efficiency
421694138,secondary,0.03498089281191643,100,0.00034980892811916427,2858.7034795731247
421694127,secondary,0.03661117852122919,100,0.0003661117852122919,2731.406199940121
421694137,secondary,0.039247875962994117,100,0.0003924787596299412,2547.908582219522
421694131,secondary,0.03966880844375778,100,0.00039668808443757783,2520.872290423834
378642681,secondary,0.043504811580490466,100,0.0004350481158049047,2298.596324569408
988853907,footway,0.020982415474501734,30,0.0006994138491500577,1429.768657305286
1131144334,track,0.022232918519047195,30,0.0007410972839682398,1349.3505125878396
993252074,service,0.02262205493505608,30,0.0007540684978352026,1326.1394725689022
335572736,service,0.02389902163205947,30,0.0007966340544019823,1255.2815115977944
358376193,service,0.025460926799185924,30,0.0008486975599728641,1178.2760398556743
486237451,service,0.027438713581948767,30,0.0009146237860649589,1093.3457179179215
23007686,unclassified,0.027749088038356875,30,0.0009249696012785625,1081.1166103380315
45109804,path,0.027866932873849826,30,0.0009288977624616609,1076.5447398106676
672157365,unclassified,0.02953150015715775,30,0.000984383338571925,1015.8644105564917
659871108,track,0.03068885918511492,30,0.0010229619728371639,977.553444363646
421694132,secondary,0.10372234984566168,100,0.0010372234984566168,964.1123648741036
45108128,path,0.031143910315832305,30,0.001038130343861077,963.2701769228128
421694140,residential,0.033083946446209295,30,0.001102798214873643,906.7842026880488
508940726,path,0.033794890491883785,30,0.0011264963497294594,887.7081583443755
45023110,residential,0.03402673711455888,30,0.001134224570485296,881.6596166419972
403525675,residential,0.03409025289839798,30,0.0011363417632799327,880.0169388420643
45023101,path,0.03428245437809439,30,0.0011427484792698131,875.0832034700884
1021406191,footway,0.034482930024598644,30,0.0011494310008199548,869.995675500872
986923045,service,0.0347058483147348,30,0.00115686161049116,864.4076274390655
45023093,path,0.035217732096166014,30,0.0011739244032055339,851.8436087276033
887656642,service,0.03534343579761407,30,0.0011781145265871357,848.8139119181279
45023104,residential,0.03549478824734074,30,0.0011831596082446912,845.1945054848326
45023091,residential,0.0361785556632474,30,0.00120595185544158,829.2204995479134
335572738,track,0.0366124209201845,30,0.0012204140306728167,819.3940538758785
1154590283,residential,0.037626056344192776,30,0.0012542018781397592,797.3198074644944
988844014,footway,0.03857209320824502,30,0.001285736440274834,777.7643758671443
144075024,track,0.03888335728925639,30,0.0012961119096418796,771.5383159130939
892465752,service,0.03917804713117389,30,0.0013059349043724631,765.7349509932326
26674973,track,0.03952117054277553,30,0.001317372351425851,759.0868283501285
378642680,track,0.04068416721003995,30,0.0013561389070013317,737.3875897500653
45023115,residential,0.04151462147486803,30,0.0013838207158289343,722.6369634168841
1023741767,footway,0.04239736516561626,30,0.0014132455055205421,707.591141166707
993252075,footway,0.04350249339845059,30,0.0014500831132816863,689.6156439867076
585443917,footway,0.04416139954088998,30,0.0014720466513629994,679.3262965369192
335572727,footway,0.04564479032097492,30,0.0015214930106991638,657.2491578784678
45023123,residential,0.04808681410814322,30,0.001602893803604774,623.8716487337363
45023125,residential,0.04942392215777055,30,0.001647464071925685,606.9935102324397
892465754,service,0.049687910915872865,30,0.0016562636971957621,603.7685917363948
45023124,residential,0.0509170481989212,30,0.00169723493996404,589.193621020545
25576970,service,0.05196726084375356,30,0.0017322420281251187,577.2865360404306
45485903,footway,0.05436965852002679,30,0.0018123219506675596,551.7783413877734
894813910,service,0.05668685418462515,30,0.0018895618061541717,529.2232287629171
26674978,residential,0.056872846312452055,30,0.001895761543748402,527.492502048937
585443913,footway,0.057225255851934324,30,0.0019075085283978108,524.2440519204065
26674979,residential,0.05770256934816084,30,0.0019234189782720281,519.9075247237009
988844573,path,0.05773703452883468,30,0.0019245678176278225,519.5971744100848
45109784,residential,0.05831805990540018,30,0.0019439353301800059,514.4204050797314
45023098,path,0.059004232067505734,30,0.0019668077355835243,508.4381060273357
477429348,track,0.059021395847452536,30,0.0019673798615817513,508.2902491418263
46882645,residential,0.06139150384431656,30,0.0020463834614772186,488.6669672741257
163552081,path,0.062195180615597555,30,0.0020731726871865853,482.35248620656756
986923044,service,0.06304298254477773,30,0.002101432751492591,475.8658107378059
1096884087,service,0.06309638575676937,30,0.0021032128585589793,475.46304974816104
887936246,path,0.06327174841256988,30,0.002109058280418996,474.1452662945544
695248909,residential,0.06415969795127624,30,0.0021386565983758745,467.58324864282275
894929683,service,0.06512638514398895,30,0.002170879504799632,460.6427937566706
447864038,service,0.06525989665828896,30,0.002175329888609632,459.7003908401004
23008395,residential,0.06566271621130997,30,0.0021887572070436656,456.8802774386707
887989172,service,0.06601361156405608,30,0.0022004537188018694,454.45173032064156
45023099,path,0.06665117872051932,30,0.0022217059573506437,450.10456792963157
45107442,residential,0.06702673792820599,30,0.0022342245976068663,447.5825756600858
447698010,track,0.0677299860912818,30,0.0022576662030427265,442.93527477723194
737106031,track,0.06834229523154431,30,0.0022780765077181435,438.9668198640349
447752255,track,0.06923722458130636,30,0.0023079074860435454,433.2929313879491
737106035,path,0.07037607783896649,30,0.002345869261298883,426.28121545286393
887989173,service,0.07128253616945229,30,0.002376084538981743,420.86044650100877
585443915,footway,0.07158905545254537,30,0.002386301848418179,419.0584693478218
423114681,residential,0.071626757922852,30,0.0023875585974284003,418.8378878227673
45023106,path,0.07188564515625841,30,0.00239618817187528,417.3294951278348
335572749,service,0.0725845290331446,30,0.0024194843011048203,413.31121658585073
335572756,service,0.07273414063132067,30,0.0024244713543773557,412.46104978494026
45109822,residential,0.07294698881061888,30,0.002431566293687296,411.25755139645884
25256226,residential,0.0730801074085352,30,0.0024360035802845066,410.5084278583891
421694135,track,0.07340041106279663,30,0.0024466803687598878,408.7170571065868
45109806,residential,0.07352840140775035,30,0.0024509467135916787,408.00560634571076
45107440,residential,0.12335797799543713,50,0.0024671595599087427,405.32441283894457
45107443,residential,0.07410447100909148,30,0.002470149033636383,404.83387292946816
737106033,path,0.07452806288762534,30,0.0024842687629208445,402.5329364220093
508940733,path,0.07475165645682083,30,0.0024917218818940275,401.3288992108028
26674986,residential,0.07497139716679707,30,0.002499046572226569,400.1526066435139
45023118,residential,0.07499408694979527,30,0.002499802898326509,400.03153875429507
447709045,track,0.07515358187579835,30,0.0025051193958599447,399.18257056036447
991462168,footway,0.0753325552953861,30,0.00251108517651287,398.2342014334593
161713927,track,0.07540652469923588,30,0.0025135508233078627,397.8435569024971
45023126,residential,0.07561679373369529,30,0.0025205597911231764,396.7372658731472
1095376438,footway,0.07643501349169153,30,0.0025478337830563843,392.4902819996361
45109798,residential,0.07693189571641458,30,0.002564396523880486,389.95529384308475
45109789,residential,0.07703729341937864,30,0.0025679097806459547,389.4217809118088
45023095,residential,0.07749135107276486,30,0.0025830450357588286,387.13997865167966
585443909,footway,0.07784406165093032,30,0.0025948020550310104,385.3858517111622
45109799,residential,0.07787389589038086,30,0.002595796529679362,385.23820668005976
45023108,residential,0.07802327550402012,30,0.002600775850134004,384.5006481233188
335572697,footway,0.07846016384443281,30,0.002615338794814427,382.359639975805
513321152,track,0.07867679536587148,30,0.002622559845529049,381.30683717468037
1009096157,residential,0.07880706861486093,30,0.002626902287162031,380.6765119841393
37342129,residential,0.07883246067187598,30,0.002627748689062533,380.55389549323945
45023094,path,0.07894398117335032,30,0.0026314660391116773,380.0163046518271
45023089,residential,0.07936477987337924,30,0.0026454926624459745,378.0014264244521
585443906,footway,0.07962449227900881,30,0.002654149742633627,376.76849347909524
37108504,residential,0.07981335715296259,30,0.002660445238432086,375.87693426433486
45023102,path,0.07995808598794873,30,0.0026652695329316247,375.1965749220359
38105960,residential,0.08091940449406965,30,0.002697313483135655,370.7392582479844
45109818,path,0.08133017242741036,30,0.0027110057475803456,368.8667945069944
897395592,service,0.08133455402003473,30,0.0027111518006678243,368.84692319835244
585443902,path,0.08146373817212765,30,0.002715457939070922,368.26201047405806
45171485,residential,0.1362022581982039,50,0.002724045163964078,367.10110875870447
161713934,track,0.08181556843661981,30,0.0027271856145539937,366.67837886184395
45023088,residential,0.08184400111776122,30,0.0027281333705920408,366.5509944563256
689487428,secondary,0.2790381698861577,100,0.002790381698861577,358.37391006684896
1241714037,track,0.08462338014211032,30,0.002820779338070344,354.51195579307034
585443911,footway,0.08556298296284369,30,0.0028520994320947895,350.6189120712132
45107444,residential,0.0856545832086955,30,0.0028551527736231834,350.2439551530554
1148797693,track,0.08693082487938517,30,0.0028976941626461723,345.1019824282631
1050794845,footway,0.08701341489108515,30,0.0029004471630361714,344.77442400750573
45109816,residential,0.08721983187346144,30,0.0029073277291153813,343.95847086158125
737106021,track,0.08822136610612885,30,0.0029407122035376284,340.05367774412485
361281217,track,0.08916953744589314,30,0.0029723179148631045,336.4377662966301
1095373365,footway,0.08975026535538624,30,0.0029916755118462083,334.26085016248464
447864031,service,0.09091665330750334,30,0.0030305551102501114,329.97255077716443
26674971,residential,0.0919465537445768,30,0.003064885124819227,326.2765027968159
45109797,path,0.09200996985679367,30,0.003066998995226456,326.05162295664974
447698036,track,0.09442525376781923,30,0.0031475084589273074,317.7116163623614
45023117,residential,0.09494230815862978,30,0.003164743605287659,315.9813636495539
724444000,track,0.09494657755189566,30,0.003164885918396522,315.96715514682637
26674975,track,0.09547647539123176,30,0.0031825491797077255,314.2135261808701
45109815,residential,0.09593954386802528,30,0.0031979847956008427,312.69692131607474
893425082,service,0.09636039314545844,30,0.0032120131048486147,311.3312328926911
163556509,track,0.09696447605569222,30,0.0032321492018564076,309.39165785590683
1095373366,footway,0.09781951233384348,30,0.003260650411128116,306.68727827649
211259728,track,0.09785838097952182,30,0.003261946032650727,306.56546429352744
37415573,residential,0.16574648873752643,50,0.0033149297747505284,301.66551569716347
45023116,residential,0.09950760742708563,30,0.003316920247569521,301.48448722357784
447919152,track,0.10074795277300558,30,0.003358265092433519,297.7728000845116
45109830,residential,0.10192401206260722,30,0.003397467068753574,294.3369221138232
447698023,track,0.10449564720210619,30,0.0034831882400702062,287.0932981732403
26674972,track,0.10510943076410505,30,0.0035036476921368347,285.41682494055544
737106041,path,0.10589436464176645,30,0.003529812154725548,283.3011945582562
45023109,residential,0.10594268653308299,30,0.0035314228844360997,283.17197705413884
1023611431,service,0.10612133006793546,30,0.003537377668931182,282.69528831569454
45108132,path,0.10616437235702901,30,0.003538812411900967,282.5806749849234
893425084,service,0.10622323148303506,30,0.0035407743827678352,282.42409481574947
45023120,residential,0.1063046258896843,30,0.0035434875296561433,282.2078507771803
1033179044,track,0.10632542164616109,30,0.003544180721538703,282.1526548922288
45108129,path,0.10639672824253237,30,0.0035465576080844123,281.9635574847256
45109786,residential,0.10639947439721321,30,0.0035466491465737738,281.956280047054
45023090,residential,0.10675893595465388,30,0.0035586311984884627,281.0069221066663
26674980,residential,0.10711728230764558,30,0.0035705760769215193,280.0668515267095
47586224,secondary,0.2501168269584156,70,0.0035730975279773653,279.86921492346534
45109813,path,0.10752752556967754,30,0.0035842508523225847,278.9983294143608
737106022,track,0.10763770656501126,30,0.003587923552167042,278.71273884752026
45108133,path,0.10781966400572213,30,0.0035939888001907377,278.24238070717655
45108127,path,0.10795763976446732,30,0.0035985879921489107,277.8867717509517
45023121,residential,0.10826098631572216,30,0.0036086995438574052,277.10813489645125
335572741,track,0.10876113051646931,30,0.0036253710172156435,275.83383748900263
737106032,path,0.10893468536331712,30,0.0036311561787772373,275.39437875039073
70516811,track,0.10893809066380296,30,0.003631269688793432,275.3857701855991
140961608,residential,0.10966491842906419,30,0.003655497280968806,273.56059193538033
894211177,service,0.11007853424223271,30,0.0036692844747410903,272.53269864571115
892760649,footway,0.11061730824991167,30,0.003687243608330389,271.20529756720015
26548466,track,0.11091441806769133,30,0.003697147268923044,270.478811705895
161713935,track,0.1119715802747985,30,0.00373238600915995,267.925128201054
37415574,residential,0.18809907143934992,50,0.0037619814287869983,265.81736750424017
163552092,track,0.11404784342774671,30,0.0038015947809248904,263.04749917525663
447831095,track,0.11421767291753675,30,0.0038072557639178915,262.6563756176288
45107441,residential,0.1905253448081658,50,0.003810506896163316,262.43227666294734
25256197,residential,0.11449593954415539,30,0.003816531318138513,262.0180254377535
45109820,residential,0.11520835505789835,30,0.003840278501929945,260.3977809154848
23008379,residential,0.11674130544177522,30,0.003891376848059174,256.97845236930743
26674982,path,0.11677036170010444,30,0.003892345390003481,256.9145077844969
1038394873,service,0.11719146094865647,30,0.003906382031621882,255.99134746808474
513321151,track,0.11870372574781132,30,0.003956790858260378,252.7300622706288
45109825,path,0.11906611052349957,30,0.003968870350783319,251.96086332289343
335572711,service,0.12060509574785278,30,0.004020169858261759,248.74570857868676
995869550,path,0.12107638666402801,30,0.0040358795554676,247.77746368700522
140961618,secondary,0.2918088932306072,70,0.00416869847472296,239.8830248969871
558275302,track,0.12536414769507423,30,0.004178804923169141,239.30286729958559
45108130,service,0.1256552346490511,30,0.004188507821635036,238.74850963263512
37341853,residential,0.12577916203113043,30,0.004192638734371015,238.51327609079615
163552988,track,0.1257957343971547,30,0.004193191146571823,238.4818542835945
447698033,track,0.12761762322839057,30,0.004253920774279686,235.0772506263541
585450209,path,0.12852612778150557,30,0.004284204259383519,233.41557485494315
403526140,secondary,0.4293641366332912,100,0.004293641366332912,232.9025446422122
26674981,residential,0.12923733095158949,30,0.00430791103171965,232.1310706365298
335572752,service,0.13011035886892913,30,0.004337011962297637,230.57349361568873
737106039,track,0.13188734465863075,30,0.004396244821954358,227.46685876230347
358375347,service,0.13357729386666511,30,0.004452576462222171,224.5890684830429
45109823,residential,0.13447540550543824,30,0.004482513516847942,223.08912092320693
558275305,track,0.13465189470320466,30,0.004488396490106822,222.79671642292914
30979744,residential,0.1360436434172697,30,0.00453478811390899,220.51746958867264
447752243,track,0.13669714848305914,30,0.004556571616101971,219.46324654839378
1015871128,residential,0.13757163382590445,30,0.004585721127530149,218.06821047109685
778812538,service,0.1379246937549283,30,0.0045974897918309434,217.509998994854
991462684,footway,0.14127879453359324,30,0.0047092931511197745,212.34609269593255
37415576,residential,0.14204671491034104,30,0.004734890497011368,211.1981260456168
1038394872,service,0.1422988196627289,30,0.00474329398875763,210.82395532938946
335572717,service,0.14264287541048962,30,0.004754762513682987,210.31544627565657
894929682,service,0.14359565020962112,30,0.004786521673654037,208.91997742414873
778812535,service,0.1436714079186072,30,0.00478904693062024,208.8098142463782
45109810,residential,0.14836939024952173,30,0.004945646341650724,202.19804064401154
37342127,residential,0.1497809997058861,30,0.004992699990196203,200.29242733663673
447698040,track,0.15014401537524202,30,0.0050048005125080675,199.80816368220593
421694136,secondary,0.35092467582967074,70,0.005013209654709582,199.4730060931255
45109812,residential,0.15128221191584507,30,0.005042740397194836,198.30487418235484
23007687,residential,0.15184856847585468,30,0.005061618949195156,197.56524741140564
161713928,track,0.15215630564759788,30,0.0050718768549199295,197.16567034350584
447709046,track,0.15287503572044867,30,0.005095834524014955,196.23871130181644
893425085,track,0.15391125791017204,30,0.005130375263672401,194.9175155043502
45023105,path,0.15559308920206633,30,0.005186436306735544,192.81062002078684
161713936,residential,0.15668103659175944,30,0.005222701219725315,191.47179934842117
447919148,track,0.1568625793202329,30,0.0052287526440077635,191.2502021196234
163057135,track,0.15816320995053565,30,0.0052721069983511885,189.6774857400926
558275306,track,0.15884002706519645,30,0.005294667568839882,188.869270260741
447698007,track,0.15970448061682302,30,0.005323482687227434,187.84695259727013
45109809,residential,0.16029632109869488,30,0.005343210703289829,187.1533906353903
447698030,track,0.16096004054461951,30,0.00536533468482065,186.38166279340456
35693743,residential,0.16119937064141285,30,0.005373312354713762,186.10494495499515
24790830,service,0.16146628741235453,30,0.005382209580411817,185.79729849975212
778812536,service,0.16253057533731538,30,0.005417685844577179,184.58065467213234
755535603,track,0.1628262856064872,30,0.0054275428535495735,184.24543609932206
513321148,track,0.163405272047939,30,0.005446842401597967,183.59260765588243
37341852,residential,0.16517337295695564,30,0.005505779098565188,181.62733776598503
307644077,secondary,0.5514691506396568,100,0.005514691506396568,181.3338060415684
163552085,track,0.16820646548090706,30,0.005606882182696902,178.3522405885478
1095372189,footway,0.16916133174049258,30,0.005638711058016419,177.3454943356823
447709041,track,0.16958847354462045,30,0.005652949118154015,176.89881495458295
334295297,track,0.170795791466339,30,0.005693193048877967,175.64835610081468
778812537,service,0.17190565599863475,30,0.005730188533287825,174.51432779057748
45109827,residential,0.17353551564571415,30,0.005784517188190471,172.8752750603932
37342130,service,0.17426732916487941,30,0.005808910972162647,172.14930729566714
50844357,residential,0.174967596809414,30,0.005832253226980467,171.46031920800704
1121150768,track,0.17503755698097492,30,0.005834585232699164,171.3917888105622
447709043,track,0.17514302431655263,30,0.005838100810551754,171.288580387753
1006736870,residential,0.17659362929233383,30,0.005886454309744461,169.8815530334782
894211178,service,0.18204721151652112,30,0.006068240383884037,164.7924170334103
447919153,track,0.1863125972423096,30,0.006210419908076987,161.01970797489005
447698015,track,0.18797907963487004,30,0.006265969321162334,159.59222727482177
892475891,service,0.18845139937026784,30,0.006281713312342261,159.1922378939529
447709042,track,0.19076538832018702,30,0.006358846277339568,157.26123205141906
163553249,track,0.19198660474026344,30,0.006399553491342114,156.2609018508696
335572730,service,0.19317056966358795,30,0.006439018988786265,155.303160581065
447864039,service,0.1939805980405467,30,0.00646601993468489,154.65464228401473
447698021,track,0.19662187885262655,30,0.006554062628420885,152.57711997801536
447698006,track,0.1971395416886939,30,0.006571318056289797,152.17647227451437
447831092,service,0.19736842745306807,30,0.006578947581768936,151.99999507081066
335578682,track,0.19818805360827918,30,0.006606268453609306,151.37138416675367
513321141,track,0.19834620760915664,30,0.0066115402536385546,151.25068616948465
38434099,service,0.2000764348126026,30,0.00666921449375342,149.94269579073054
1012818783,track,0.2005594845451768,30,0.006685316151505893,149.58155715264806
1241711698,track,0.2009303822173711,30,0.006697679407245704,149.30544434810912
513321150,track,0.20118253798221186,30,0.006706084599407062,149.1183096748314
28499607,service,0.20213574264092674,30,0.006737858088030891,148.4151175247215
35693740,track,0.20338730617916656,30,0.0067795768726388855,147.50183068737144
447864028,track,0.2035195438710779,30,0.0067839847957025965,147.40599074359113
26548468,track,0.20512736647282306,30,0.006837578882427435,146.25059793752408
447864036,track,0.20607216894194172,30,0.006869072298064724,145.58006621676373
513321146,track,0.20826748468025563,30,0.0069422494893418545,144.0455289795128
447864029,track,0.21035048773598441,30,0.007011682924532814,142.61911309496782
37415571,residential,0.21131105963738595,30,0.007043701987912865,141.9707991218283
531737921,track,0.21384282420074496,30,0.007128094140024832,140.2899541386411
447831087,track,0.214224652278289,30,0.007140821742609633,140.03990521608333
24790829,service,0.214351013607879,30,0.0071450337869293,139.95735077269202
447698031,track,0.2154807803017988,30,0.007182692676726626,139.22355375724229
335572698,service,0.2183847882655251,30,0.00727949294218417,137.3722054464903
38106286,residential,0.21921092336170198,30,0.007307030778723399,136.85449401852782
724444001,track,0.21960352273406256,30,0.007320117424468752,136.60983041847498
893425086,service,0.21990160310485,30,0.007330053436828333,136.42465346510403
45485904,track,0.2200808757576681,30,0.00733602919192227,136.3135251835017
1012818788,service,0.22026150927004903,30,0.007342050309001634,136.20173628801777
1154590284,residential,0.2208144470062792,30,0.0073604815668759736,135.86067581505165
1241710459,track,0.22140904219271176,30,0.007380301406423725,135.49582123158442
335572705,footway,0.22161002814337546,30,0.007387000938112515,135.37293529239952
140961619,residential,0.22167224017361317,30,0.007389074672453772,135.3349430515254
28475328,track,0.22188737512588239,30,0.007396245837529413,135.20372658868146
163556524,track,0.2220907987746333,30,0.00740302662582111,135.07988699001666
447698013,track,0.22499215447982904,30,0.007499738482660968,133.3379826925901
737042219,unclassified,0.375148940788167,50,0.00750297881576334,133.28039763341138
35693741,residential,0.22547549004177042,30,0.007515849668059014,133.05215566642013
26674977,service,0.22633994879476568,30,0.007544664959825522,132.54399039916095
1012818784,track,0.22811148517174826,30,0.007603716172391609,131.51464064780689
37108503,residential,0.23370194258025662,30,0.007790064752675221,128.36863771338813
737106027,path,0.23456211276053893,30,0.007818737092017964,127.89789300127326
892465734,service,0.23461277002678388,30,0.007820425667559463,127.87027746433041
893425083,track,0.2347646298077724,30,0.00782548766025908,127.78756333338754
335572721,service,0.23482864289428354,30,0.007827621429809452,127.7527290974703
558275304,track,0.24077064444443982,30,0.008025688148147993,124.59990738996753
737106040,track,0.2419297532300396,30,0.008064325107667986,124.0029372140698
23008238,residential,0.2419438025028087,30,0.00806479341676029,123.99573657048617
447864032,track,0.2424060333430985,30,0.008080201111436616,123.7592958651255
335572732,track,0.242643999406119,30,0.0080881333135373,123.63792252611321
887656591,service,0.24315321297487055,30,0.008105107099162352,123.37899891580065
447919150,track,0.2464499127503229,30,0.00821499709167743,121.72858843895328
39430853,track,0.24790536674870525,30,0.008263512224956842,121.01391911539439
334295298,track,0.24861109144200844,30,0.00828703638140028,120.67040060840515
988849587,path,0.2491815057508346,30,0.008306050191694486,120.39416773569891
161713938,track,0.25151745771557654,30,0.008383915257185884,119.27601476444987
477429349,track,0.25322122795093244,30,0.008440707598364414,118.47347966345542
447698008,track,0.2561106185499798,30,0.00853702061833266,117.13688471743518
23008345,residential,0.25750638184274527,30,0.008583546061424842,116.50196700103723
755535605,track,0.25881800516451753,30,0.008627266838817252,115.91156488873528
144075010,track,0.2618219511795036,30,0.00872739837265012,114.58168371616853
335572757,footway,0.2645083290985038,30,0.00881694430328346,113.41797856515853
447752260,track,0.2665197546319643,30,0.008883991821065477,112.56201267867306
140961600,residential,0.2680365896864871,30,0.00893455298954957,111.92501753245682
447919151,track,0.27103453650805825,30,0.009034484550268609,110.68700095018353
335572702,footway,0.27285780330621606,30,0.009095260110207202,109.94737785209078
163556523,track,0.27409967174958616,30,0.009136655724986205,109.44923723734921
45023107,residential,0.2752461016443655,30,0.009174870054812184,108.99336928216262
161713933,track,0.2777993023599961,30,0.009259976745333205,107.99163189086569
1197048148,residential,0.2815458879430947,30,0.00938486293143649,106.5545663592271
140961609,residential,0.4744976256925503,50,0.009489952513851006,105.37460525123342
307644078,secondary,0.667497887693396,70,0.009535684109905657,104.86924571685437
778812534,service,0.2862913751074453,30,0.009543045836914843,104.78834714717125
26548471,track,0.2880350648154347,30,0.009601168827181157,104.15398562401842
892760648,track,0.28844716603817266,30,0.009614905534605755,104.00518199589399
38105798,residential,0.288695254537254,30,0.0096231751512418,103.91580577965033
163556519,track,0.29223813893384043,30,0.00974127129779468,102.65600550786316
39226972,service,0.2932659214103554,30,0.009775530713678513,102.2962363159209
334295301,track,0.2936043022276536,30,0.00978681007425512,102.1783392558694
447864042,track,0.2937051161172568,30,0.009790170537241894,102.14326667712184
335639583,track,0.2937722479864686,30,0.00979240826621562,102.11992523331143
163556526,track,0.2942474618117256,30,0.00980824872705752,101.95500010530428
614290797,track,0.2945430058581069,30,0.00981810019527023,101.85269859862908
35693742,residential,0.2952358543633459,30,0.009841195145444863,101.61367447965547
38213295,residential,0.29603244193023703,30,0.009867748064341235,101.34024434750903
26674970,residential,0.2960440011842561,30,0.009868133372808537,101.33628744373094
163556501,track,0.3045790352320048,30,0.010152634507733493,98.49660196457158
25736223,residential,0.5181641539859075,50,0.010363283079718151,96.4945174523976
161713931,track,0.31233542282871357,30,0.01041118076095712,96.05058474732199
513321143,track,0.3167675268490926,30,0.01055891756163642,94.70667747547222
1168473515,track,0.3182921204908051,30,0.010609737349693503,94.25304011214644
422975767,track,0.3225358444801612,30,0.010751194816005373,93.0129178304251
447752235,track,0.3393664741162208,30,0.011312215803874027,88.40001086767953
447752239,track,0.341675687337324,30,0.0113891895779108,87.80255988885182
26674976,residential,0.3500114553451844,30,0.011667048511506148,85.7114804154445
447864041,track,0.35458608859987495,30,0.011819536286662498,84.60568805295928
45023100,path,0.35674725554712816,30,0.011891575184904272,84.0931486746556
1204638932,track,0.357973695040746,30,0.0119324565013582,83.8050404697621
513321142,track,0.3605860645349139,30,0.01201953548449713,83.19789074126918
30979746,residential,0.364219122934711,30,0.012140637431157033,82.36799802897148
26548469,track,0.36429801607139667,30,0.012143267202379888,82.35016024386056
318398335,unclassified,0.3705996026412513,30,0.01235332008804171,80.9498979119
801867387,unclassified,0.37150378588558114,30,0.01238345952951937,80.75287827413865
447698017,track,0.37157255628315217,30,0.012385751876105073,80.73793258600853
23007689,residential,0.3719865230170543,30,0.012399550767235144,80.6480830452683
37415572,residential,0.37344271827075814,30,0.012448090609025271,80.33360548283343
45023112,path,0.3791105245956488,30,0.012637017486521627,79.13259604701652
447698048,track,0.38130499132697365,30,0.012710166377565788,78.67717622997135
335572745,track,0.3841294909738102,30,0.012804316365793674,78.0986638748999
334295302,track,0.386447847557183,30,0.012881594918572766,77.63013868400671
24790828,track,0.38671379960991137,30,0.012890459986997045,77.57675063641848
335572706,track,0.387290920104773,30,0.012909697336825766,77.46114985573162
23007688,residential,0.3920449027608322,30,0.013068163425361073,76.52184683115638
163556520,track,0.39306574557032087,30,0.013102191519010696,76.32310965299541
447698029,track,0.39395448990564264,30,0.013131816330188088,76.15092800994704
163552079,track,0.39460934463021663,30,0.013153644821007221,76.02455544511399
41108060,residential,0.3984322424123357,30,0.013281074747077857,75.29511120476324
1069264273,track,0.403524943940837,30,0.013450831464694566,74.34484645984726
447831089,track,0.4096110733598072,30,0.013653702445326906,73.24020748249559
161713921,track,0.4101062796932114,30,0.013670209323107047,73.15176939607491
140961605,residential,0.4101117807535409,30,0.013670392691784695,73.15078817018592
30979745,residential,0.4152937201317161,30,0.013843124004390537,72.23802948545692
447698045,track,0.41563192953722944,30,0.01385439765124098,72.17924771420337
672157364,unclassified,0.9707311407926141,70,0.013867587725608773,72.11059484796596
163556503,track,0.417062512350487,30,0.013902083745016234,71.93166278821263
163556500,track,0.42104527837632955,30,0.014034842612544318,71.25124432148614
313139133,track,0.4233946967561112,30,0.01411315655853704,70.85587096354435
622256870,path,0.4374639566273428,30,0.014582131887578093,68.57707828385904
335572747,track,0.4400419061062378,30,0.014668063536874592,68.17532508541858
35693738,track,0.4419534683515703,30,0.014731782278385676,67.88044929683694
447698049,track,0.44382370756008027,30,0.01479412358533601,67.59440626758071
144539363,service,0.4466762176341025,30,0.014889207254470082,67.1627429794677
45109808,path,0.4479011386577046,30,0.01493003795525682,66.97906616157684
45109811,residential,0.4490553927068936,30,0.014968513090229786,66.80690286149516
447919145,track,0.4559066340226531,30,0.015196887800755102,65.80294683430591
140961623,residential,0.4590567793686157,30,0.015301892645620523,65.35139300472122
25533762,residential,0.46537097449683507,30,0.01551236581656117,64.46469944206635
23008381,residential,0.46737654867824635,30,0.015579218289274879,64.18807294640867
447752272,track,0.4731428003463856,30,0.015771426678212856,63.405804712736064
163552973,track,0.480749226531284,30,0.016024974217709466,62.4025964980888
335572704,footway,0.48786145251776203,30,0.016262048417258736,61.49286820095252
163556529,track,0.4889600579690567,30,0.016298668598968558,61.35470476792711
447919147,track,0.49043069395339106,30,0.01634768979844637,61.170722733865226
334295306,track,0.4943504120662327,30,0.016478347068874424,60.68569837862423
161713930,track,0.4995435051974117,30,0.016651450173247057,60.05482943501482
161713926,path,0.50131086171431,30,0.016710362057143668,59.84310792191967
163552086,track,0.5039128456062352,30,0.016797094853541174,59.53410448171515
28475329,path,0.5041712989259165,30,0.016805709964197217,59.50358551530366
163552080,track,0.5071580615979284,30,0.016905268719930946,59.153156129427366
38806214,track,0.5118683330461428,30,0.017062277768204757,58.608821963002015
161713924,track,0.5121531770787919,30,0.017071772569293063,58.57622551736054
447864035,track,0.5125453158766211,30,0.017084843862554037,58.53140994702123
447864033,track,0.5131163519523223,30,0.017103878398410745,58.46627160848605
216867621,track,0.5137319934378051,30,0.01712439978126017,58.396207328348815
161713919,track,0.5150288668349486,30,0.01716762889449829,58.24916219621162
254312909,track,0.5251628986705424,30,0.01750542995568475,57.125132175074505
25533985,track,0.528775416183973,30,0.01762584720613243,56.734861496591066
26674766,track,0.5296783631414201,30,0.017655945438047337,56.6381451227794
447864034,track,0.5315533960478714,30,0.017718446534929048,56.43835637783831
513321149,track,0.5365601499930382,30,0.017885338333101276,55.91171837936388
894813911,service,0.5388058043061561,30,0.01796019347687187,55.67868749786821
894793937,service,0.5551227596281563,30,0.01850409198760521,54.042100561856294
140961596,residential,0.5556045305943887,30,0.01852015101981296,53.9952400458395
893425077,residential,0.18610614573048084,10,0.018610614573048086,53.73277685564459
214400155,track,0.5683326795222946,30,0.018944422650743153,52.78598447869679
26674974,track,0.5695882619039981,30,0.018986275396799937,52.669624721052244
28499160,track,0.5731781756138814,30,0.01910593918712938,52.339745783009974
335572701,track,0.5890375179704733,30,0.01963458393234911,50.930541917541845
421694139,residential,0.5992152511230782,30,0.019973841704102605,50.065481383814166
334295312,track,0.6018490971561794,30,0.020061636571872647,49.846381994679675
144539368,service,0.6045856120469062,30,0.020152853734896874,49.62076404436908
26548592,track,0.6089445565398268,30,0.020298151884660894,49.265568889337644
447919155,track,0.6105949785108894,30,0.02035316595036298,49.13240536822558
163556513,track,0.621100069678405,30,0.020703335655946835,48.30139532190599
307644079,secondary,1.4664623010831657,70,0.020949461444045223,47.73392398038207
689231377,path,0.6314525814039067,30,0.021048419380130225,47.509505675471445
28475327,track,0.655744343395857,30,0.0218581447798619,45.74953684638912
513321145,track,0.673996189776424,30,0.022466539659214132,44.51063738201771
1022625263,track,0.674878853838526,30,0.022495961794617533,44.45242257831642
28499200,track,0.6889643328155651,30,0.022965477760518837,43.5436184009702
220661790,track,0.6928884823602023,30,0.023096282745340077,43.29701064998266
334295305,track,0.6935656048042985,30,0.02311885349347662,43.25474013156263
24790833,service,0.7041080768645143,30,0.02347026922881714,42.607095395914136
893425957,service,0.719444230372921,30,0.023981474345764035,41.698854106383784
1172047523,unclassified,0.722826946401504,30,0.0240942315467168,41.5037100503114
447698025,track,0.7292205521533057,30,0.024307351738443523,41.1398169064399
447698004,track,0.7295545753521847,30,0.024318485845072825,41.12098123093508
447864037,track,0.7326186305419823,30,0.024420621018066076,40.948999587693216
214402373,track,0.7351656276525739,30,0.024505520921752462,40.807130898912845
447831106,track,0.7435248979501172,30,0.02478416326500391,40.3483462123587
161713920,track,0.7640360839710504,30,0.02546786946570168,39.26516120034026
163556497,track,0.7719567083713783,30,0.025731890279045943,38.86228291647592
513321147,track,0.7827948856054294,30,0.026093162853514314,38.32421564277006
186412050,track,0.7900261174607222,30,0.026334203915357405,37.973428139850725
1017800856,track,0.7948938003176936,30,0.02649646001058979,37.740890654839625
416507816,path,0.7979783472958344,30,0.02659927824319448,37.59500505453954
447864040,track,0.8094445303801077,30,0.02698148434600359,37.06245316885676
447709040,track,0.8536234513907859,30,0.02845411504635953,35.144301566600355
335572724,track,0.8599887287686808,30,0.028666290958956026,34.884178125163984
334295281,track,0.8706830692201821,30,0.02902276897400607,34.45570616971934
421694130,path,0.8976502038858342,30,0.029921673462861138,33.420590637793126
447919157,track,0.9151578897081506,30,0.030505262990271686,32.781228613531574
391488670,track,0.9237556283856646,30,0.030791854279522152,32.47612147427708
334295282,track,0.9385930081325867,30,0.03128643360441956,31.962735434911917
334295307,track,0.9569234781813982,30,0.03189744927271328,31.350469169190013
60138308,path,1.0586558803660273,30,0.035288529345534246,28.337820208043034
163552990,track,1.0700471597126984,30,0.03566823865708994,28.036147498447484
163556506,track,1.107320722531428,30,0.0369106907510476,27.092421725313226
163552989,track,1.123427126224188,30,0.0374475708741396,26.70400179923489
149144575,track,1.1641738115400069,30,0.03880579371800023,25.76934792951151
216867620,track,1.2423961621535404,30,0.04141320540511802,24.146887211884735
162901935,unclassified,1.3251966996897315,30,0.04417322332299105,22.63814874201234
755535604,track,1.5262217608007778,30,0.05087405869335926,19.656383345143503
